<?xml version="1.0"?>
<link:linkbase xmlns="http://www.xbrl.org/2003/linkbase" xmlns:="/20190930" xmlns:xlink="http://www.w3.org/1999/xlink" xmlns:link="http://www.xbrl.org/2003/linkbase" xmlns:xsi="http://www.w3.org/2001/XMLSchema-instance" xsi:schemaLocation="http://www.xbrl.org/2003/linkbase http://www.xbrl.org/2003/xbrl-linkbase-2003-12-31.xsd">
 <link:roleRef roleURI="/role/Cover Page" xlink:href="-20200114.xsd#Cover Page" xlink:type="simple"/>
 <link:presentationLink xlink:role="/role/Cover Page" xlink:type="extended">
  <link:loc xlink:href="http://xbrl.sec.gov/dei/2019-01-31#dei_DocumentType" xlink:label="loc_dei_DocumentType" xlink:type="locator"/>
  <link:loc xlink:href="http://fasb.org/us-gaap/2019-01-31#us-gaap_StatementOfFinancialPositionAbstract" xlink:label="loc_us-gaap_StatementOfFinancialPositionAbstract" xlink:type="locator"/>
  <link:loc xlink:href="http://fasb.org/us-gaap/2019-01-31#us-gaap_CashAndCashEquivalentsAtCarryingValue" xlink:label="loc_us-gaap_CashAndCashEquivalentsAtCarryingValue" xlink:type="locator"/>
  <link:presentationArc order="0" xlink:arcrole="http://www.xbrl.org/2003/arcrole/parent-child" xlink:from="loc_us-gaap_StatementOfFinancialPositionAbstract" xlink:to="loc_dei_DocumentType" use="optional" xlink:type="arc" preferredLabel="http://www.xbrl.org/2003/role/label"/>
  <link:presentationArc order="0" xlink:arcrole="http://www.xbrl.org/2003/arcrole/parent-child" xlink:from="loc_us-gaap_StatementOfFinancialPositionAbstract" xlink:to="loc_us-gaap_CashAndCashEquivalentsAtCarryingValue" use="optional" xlink:type="arc" preferredLabel="http://www.xbrl.org/2003/role/label"/>
 </link:presentationLink>
</link:linkbase>
