<?xml version="1.0"?>
<link:linkbase xmlns="http://www.xbrl.org/2003/linkbase" xmlns:xsi="http://www.w3.org/2001/XMLSchema-instance" xmlns:="/20190930" xmlns:link="http://www.xbrl.org/2003/linkbase" xmlns:xlink="http://www.w3.org/1999/xlink" xmlns:xbrldt="http://xbrl.org/2005/xbrldt" xmlns:xbrli="http://www.xbrl.org/2003/instance" xsi:schemaLocation="http://www.xbrl.org/2003/linkbase http://www.xbrl.org/2003/xbrl-linkbase-2003-12-31.xsd">
 <roleRef xlink:type="simple" xlink:href="http://www.xbrl.org/lrr/role/net-2009-12-16.xsd#netLabel" roleURI="http://www.xbrl.org/2009/role/netLabel"/>
 <roleRef xlink:type="simple" xlink:href="http://www.xbrl.org/lrr/role/negated-2009-12-16.xsd#negatedLabel" roleURI="http://www.xbrl.org/2009/role/negatedLabel"/>
 <roleRef xlink:type="simple" xlink:href="http://www.xbrl.org/lrr/role/negated-2009-12-16.xsd#negatedPeriodEndLabel" roleURI="http://www.xbrl.org/2009/role/negatedPeriodEndLabel"/>
 <roleRef xlink:type="simple" xlink:href="http://www.xbrl.org/lrr/role/negated-2009-12-16.xsd#negatedPeriodStartLabel" roleURI="http://www.xbrl.org/2009/role/negatedPeriodStartLabel"/>
 <roleRef xlink:type="simple" xlink:href="http://www.xbrl.org/lrr/role/negated-2009-12-16.xsd#negatedTerseLabel" roleURI="http://www.xbrl.org/2009/role/negatedTerseLabel"/>
 <roleRef xlink:type="simple" xlink:href="http://www.xbrl.org/lrr/role/negated-2009-12-16.xsd#negatedTotalLabel" roleURI="http://www.xbrl.org/2009/role/negatedTotalLabel"/>
 <roleRef xlink:type="simple" xlink:href="http://www.xbrl.org/lrr/role/negated-2009-12-16.xsd#negatedNetLabel" roleURI="http://www.xbrl.org/2009/role/negatedNetLabel"/>
 <link:labelLink xlink:type="extended" xlink:role="http://www.xbrl.org/2003/role/link">
  <link:loc xlink:type="locator" xlink:href="http://xbrl.sec.gov/dei/2019-01-31#dei_DocumentType" xlink:label="loc_dei_DocumentType"/>
  <link:label xlink:type="resource" xlink:role="http://www.xbrl.org/2003/role/terseLabel" xlink:label="lab_dei_DocumentType" xml:lang="en-US">asd</link:label>
  <link:labelArc xlink:type="arc" xlink:arcrole="http://www.xbrl.org/2003/arcrole/concept-label" xlink:from="loc_dei_DocumentType" xlink:to="lab_dei_DocumentType"/>
  <link:label xlink:type="resource" xlink:role="http://www.xbrl.org/2003/role/label" xlink:label="lab_dei_DocumentType" xml:lang="en-US">Document Type</link:label>
  <link:loc xlink:type="locator" xlink:href="http://fasb.org/us-gaap/2019-01-31#us-gaap_CashAndCashEquivalentsAtCarryingValue" xlink:label="loc_us-gaap_CashAndCashEquivalentsAtCarryingValue"/>
  <link:label xlink:type="resource" xlink:role="http://www.xbrl.org/2003/role/label" xlink:label="lab_us-gaap_CashAndCashEquivalentsAtCarryingValue" xml:lang="en-US">Cash and Cash Equivalents, at Carrying Value</link:label>
  <link:labelArc xlink:type="arc" xlink:arcrole="http://www.xbrl.org/2003/arcrole/concept-label" xlink:from="loc_us-gaap_CashAndCashEquivalentsAtCarryingValue" xlink:to="lab_us-gaap_CashAndCashEquivalentsAtCarryingValue"/>
  <link:label xlink:type="resource" xlink:role="http://www.xbrl.org/2003/role/totalLabel" xlink:label="lab_us-gaap_CashAndCashEquivalentsAtCarryingValue" xml:lang="en-US">Cash and Cash Equivalents, at Carrying Value, Total</link:label>
  <link:label xlink:type="resource" xlink:role="http://www.xbrl.org/2003/role/periodStartLabel" xlink:label="lab_us-gaap_CashAndCashEquivalentsAtCarryingValue" xml:lang="en-US">Cash and Cash Equivalents, at Carrying Value, Beginning Balance</link:label>
  <link:label xlink:type="resource" xlink:role="http://www.xbrl.org/2003/role/periodEndLabel" xlink:label="lab_us-gaap_CashAndCashEquivalentsAtCarryingValue" xml:lang="en-US">Cash and Cash Equivalents, at Carrying Value, Ending Balance</link:label>
 </link:labelLink>
</link:linkbase>
